idx,ssim,psnr,lpips,brightness,color_temp,saturation
0,0.4892193437917614,10.683903502058715,0.24593237042427063,overexposed,warm_artificial,low
1,0.736118688869338,18.75899141931699,0.10069192945957184,twilight,warm_artificial,high
2,0.6985837802887862,18.10254435408629,0.1057727262377739,twilight,cool_artificial,high
3,0.6381146260862186,16.49543089402598,0.07603927701711655,overexposed,natural,low
4,0.46805224604634993,16.593523942938894,0.1021471917629242,day,warm_artificial,medium
5,0.6981151922304463,18.243873406830577,0.10215480625629425,twilight,natural,high
6,0.7670599661788163,16.006249215630724,0.14223790168762207,twilight,warm_artificial,high
7,0.7083317801288517,19.954800742085055,0.12899981439113617,day,natural,low
8,0.7360146910600234,19.19996914727622,0.10608702898025513,day,warm_artificial,low
9,0.6642908644702827,17.147792568858236,0.1536422073841095,overexposed,cool_artificial,medium
10,0.7833905737152896,11.314397900098879,0.22506405413150787,overexposed,cool_artificial,medium
11,0.6511392813857095,14.919005155390794,0.1373613178730011,twilight,warm_artificial,medium
12,0.5964776171976719,20.788017633146566,0.13591566681861877,overexposed,warm_artificial,medium
13,0.5534696039974757,18.759403829604096,0.1478094607591629,day,cool_artificial,medium
14,0.6613362784437232,19.43247561039873,0.1353287398815155,overexposed,warm_artificial,low
15,0.5931891504962541,19.611586404546575,0.0817360058426857,day,cool_artificial,medium
16,0.7000134456731413,23.300415617500427,0.10662488639354706,day,warm_artificial,medium
17,0.6354636939584974,20.839208215509398,0.08886672556400299,day,cool_artificial,high
18,0.8134831872134204,18.97310398787115,0.0737844929099083,overexposed,warm_artificial,low
19,0.6648343564415903,20.263173997117953,0.07160961627960205,day,warm_artificial,low
20,0.7519366040828861,24.611224931866484,0.06569235026836395,twilight,warm_artificial,medium
21,0.7516134640583315,17.25789418719955,0.09309791773557663,overexposed,cool_artificial,medium
22,0.4832247952211524,19.31824120023746,0.12687182426452637,day,natural,low
23,0.7239330044705392,19.6951119737174,0.08120867609977722,twilight,warm_artificial,medium
24,0.5643827625680288,17.58919375568054,0.11096474528312683,twilight,warm_artificial,medium
25,0.7303346732063943,24.62613321123069,0.056082528084516525,day,warm_artificial,medium
26,0.7017374927948126,19.398145290367623,0.08887466043233871,day,natural,medium
27,0.6365181258669413,17.701646318522656,0.1272602379322052,overexposed,cool_artificial,low
28,0.7024996682573444,23.198097056505755,0.08002586662769318,overexposed,cool_artificial,medium
29,0.5813369699727328,17.383379072856904,0.16059421002864838,twilight,cool_artificial,high
30,0.8394836818175349,26.93608936457435,0.0511443130671978,twilight,natural,medium
31,0.6499660913771074,16.054689174435875,0.14621561765670776,overexposed,warm_artificial,low
32,0.7070945706149544,20.26289928571878,0.07264688611030579,twilight,cool_artificial,medium
33,0.9272304983051104,23.59390994498806,0.07268986105918884,overexposed,cool_artificial,low
34,0.7424578551759998,20.108100140941943,0.11704205721616745,twilight,warm_artificial,high
35,0.6073155152208661,24.63325286399145,0.09141895174980164,twilight,warm_artificial,medium
36,0.6161906151128732,18.051721277808742,0.11926701664924622,twilight,warm_artificial,high
37,0.6225786273554128,23.003500383751543,0.07721544057130814,twilight,natural,medium
38,0.7691974225682303,24.09139595617591,0.12433589994907379,overexposed,warm_artificial,medium
39,0.8465512899892218,25.574080199815082,0.0709705650806427,night,warm_artificial,medium
40,0.6445627871856291,23.65278580559385,0.10386066138744354,twilight,warm_artificial,high
41,0.6582835608600196,25.273406640997425,0.10056313127279282,twilight,natural,medium
42,0.70111008292058,20.366535529849802,0.0664057582616806,twilight,natural,medium
43,0.36636044257957284,16.33428453404775,0.13214211165905,day,warm_artificial,medium
44,0.666337195841665,16.063144108173447,0.11699948459863663,night,warm_artificial,medium
45,0.6783971203979887,19.94571152026371,0.11904145777225494,day,warm_artificial,low
46,0.356583936079625,13.476022566657909,0.18464136123657227,overexposed,warm_artificial,high
47,0.6793789961820167,19.41774723496649,0.12793423235416412,overexposed,natural,low
48,0.8401804611753735,24.387039370567983,0.054384998977184296,overexposed,natural,low
49,0.760223681552442,18.84542668854981,0.14872723817825317,overexposed,warm_artificial,low
50,0.6387979513910141,22.68405871266079,0.07578273117542267,day,warm_artificial,medium
51,0.6102842797248531,17.600519790592312,0.23063385486602783,overexposed,warm_artificial,high
52,0.8243735530033236,25.6393327870737,0.05790388584136963,day,warm_artificial,medium
53,0.3654351075569764,16.117415202466823,0.1582014262676239,twilight,warm_artificial,medium
54,0.5552160906111779,14.922848282018926,0.17303892970085144,night,warm_artificial,high
55,0.8405291903438217,27.11234629118083,0.041986025869846344,twilight,warm_artificial,high
56,0.5909968520632245,20.915054993273134,0.10770800709724426,twilight,warm_artificial,medium
57,0.8151892816138758,25.426923103245656,0.05095489323139191,twilight,cool_artificial,medium
58,0.820569564932922,25.269753037587904,0.05113772302865982,night,warm_artificial,medium
59,0.8761790533825454,24.041475604750644,0.04967886954545975,day,cool_artificial,low
60,0.4616005569232589,20.206139676616147,0.2640175521373749,twilight,warm_artificial,high
61,0.6581031165853167,20.54952496569978,0.18975020945072174,twilight,warm_artificial,high
62,0.43900989820817427,16.478886145269588,0.23421600461006165,overexposed,cool_artificial,high
63,0.7098207609785373,18.377423364907155,0.12456636130809784,overexposed,cool_artificial,medium
64,0.6928340672953645,15.738197683938465,0.1711963713169098,overexposed,warm_artificial,medium
65,0.5446071138160758,20.558540004891874,0.14847347140312195,day,natural,medium
66,0.5188559932407516,21.067354335564158,0.08012152463197708,day,natural,low
67,0.8625527211709767,22.244498558857423,0.13287268579006195,overexposed,warm_artificial,medium
68,0.4311424849109347,16.410346362588992,0.17778494954109192,twilight,warm_artificial,medium
69,0.7920427065768587,20.123168231434466,0.07585221529006958,twilight,warm_artificial,medium
70,0.6126629560908757,20.845230689584945,0.09643460810184479,day,cool_artificial,medium
71,0.8014466875125991,23.0044004587932,0.08613947778940201,overexposed,cool_artificial,low
72,0.7737895028423618,26.567081984646936,0.06017063185572624,day,warm_artificial,medium
73,0.8077686048514034,28.71212831527377,0.0499163493514061,twilight,warm_artificial,medium
74,0.7151416880104208,20.400128862220388,0.08958979696035385,twilight,natural,medium
75,0.7783913719006232,26.714056612096346,0.06396366655826569,overexposed,warm_artificial,low
76,0.6453458043137951,22.419944306129324,0.0820544958114624,twilight,warm_artificial,medium
77,0.679204404229548,22.524317431126907,0.07270781695842743,overexposed,cool_artificial,medium
78,0.6436438445954654,20.854617948595084,0.07814569771289825,twilight,natural,medium
79,0.8075785987454746,19.792603531960523,0.055705852806568146,twilight,warm_artificial,medium
80,0.8305445047010389,24.225996612128494,0.047392964363098145,twilight,warm_artificial,medium
81,0.3003969174282618,14.264087482239667,0.24964556097984314,day,cool_artificial,low
82,0.7900588207053202,16.04433392764519,0.1415655016899109,overexposed,warm_artificial,medium
83,0.5730189697504927,20.361779120698074,0.10040807723999023,day,cool_artificial,low
84,0.6236504580619616,21.20752244174829,0.19941997528076172,twilight,warm_artificial,high
85,0.717486052161191,18.44005707327643,0.11628013104200363,day,natural,low
86,0.6169517665732914,17.463189460441512,0.11877203732728958,day,warm_artificial,low
87,0.7661703849956817,24.47966666226467,0.06361225992441177,twilight,cool_artificial,medium
88,0.6975521430543817,20.94964059413393,0.11024093627929688,overexposed,warm_artificial,medium
89,0.4147385563289701,16.02107374017935,0.14553536474704742,twilight,cool_artificial,medium
90,0.7627935691713369,22.33155229399108,0.08079370856285095,day,warm_artificial,high
91,0.6095624391303415,18.781421655835747,0.13900920748710632,day,warm_artificial,medium
92,0.5193809387419349,18.848538215168492,0.15790557861328125,night,natural,medium
93,0.49499689983921863,18.028286923328,0.0881553664803505,day,natural,medium
94,0.9395553782899935,29.995679802797813,0.03650227561593056,overexposed,cool_artificial,low
95,0.3932805886665774,14.399216374288455,0.14067599177360535,overexposed,natural,medium
96,0.506325643892611,18.29919280896754,0.14900441467761993,twilight,cool_artificial,medium
97,0.8146923033679047,23.90152669399315,0.06558645516633987,overexposed,cool_artificial,medium
98,0.4062435492050514,17.33231467484426,0.10418735444545746,day,warm_artificial,medium
99,0.640502148579039,15.623838918259638,0.14449439942836761,night,warm_artificial,high
100,0.7963985616235583,24.501213563948873,0.10528971254825592,day,natural,medium
101,0.5794346812637204,21.583839270993032,0.09402266889810562,overexposed,cool_artificial,medium
102,0.7298688042637574,20.587336157492565,0.1032828539609909,day,cool_artificial,medium
103,0.5239140675252666,20.980321774192035,0.11026228964328766,day,warm_artificial,medium
104,0.5892814969455432,21.100871930466806,0.12660866975784302,day,natural,medium
105,0.18930050431691728,13.826329347600115,0.27688539028167725,overexposed,warm_artificial,medium
106,0.7922622028630523,20.310159118193468,0.1502930074930191,overexposed,warm_artificial,high
107,0.8497648833518232,22.31184588489348,0.07686296105384827,twilight,cool_artificial,high
108,0.5883437829586048,19.845764927243405,0.22357125580310822,night,warm_artificial,high
109,0.7059653742831785,14.997435687078005,0.1746596097946167,day,warm_artificial,medium
110,0.6918062885748242,12.493274126520237,0.17847341299057007,day,warm_artificial,medium
111,0.5456373199274155,12.523512494369967,0.16411569714546204,overexposed,warm_artificial,low
112,0.6160974477216795,16.3936838342909,0.14686846733093262,twilight,warm_artificial,medium
113,0.6036285482255611,21.061101659592705,0.10602403432130814,day,natural,medium
114,0.7330317101829755,22.69647913596133,0.078636534512043,day,warm_artificial,high
115,0.6076665923516634,24.374044165689984,0.09310002624988556,overexposed,warm_artificial,medium
116,0.5393052243334463,23.00309179981461,0.10854174196720123,night,warm_artificial,high
117,0.6053951544268309,23.984260324252954,0.11908422410488129,twilight,warm_artificial,medium
118,0.38613776485705326,13.433890712347608,0.34732145071029663,day,warm_artificial,medium
119,0.7333473285816726,20.67554004218397,0.2048027664422989,twilight,warm_artificial,high
120,0.7409972037403949,22.023014431023363,0.07888491451740265,day,cool_artificial,medium
121,0.839754397616602,24.090259865001094,0.0855213850736618,twilight,natural,low
122,0.6651721180559909,19.838927183263444,0.09555736184120178,night,warm_artificial,high
123,0.7136100127320967,15.881146976829681,0.11129617691040039,twilight,natural,medium
124,0.27568213368724503,17.775918475872675,0.12701787054538727,twilight,warm_artificial,high
125,0.6649738128800421,19.02376314722243,0.20299625396728516,overexposed,warm_artificial,medium
126,0.7699564753241034,20.976446215044454,0.11480459570884705,twilight,warm_artificial,high
127,0.7865374415649186,19.89969048784401,0.09443071484565735,overexposed,warm_artificial,low
128,0.38143552064516095,13.959758808696279,0.14580433070659637,overexposed,warm_artificial,medium
129,0.6042869914036323,26.282894057896883,0.08012664318084717,night,warm_artificial,medium
130,0.7807126698448323,21.192593601357302,0.0690448060631752,day,natural,low
131,0.4021074869996368,19.18218659178914,0.10935565829277039,twilight,warm_artificial,medium
132,0.7968329520729487,14.805486278602336,0.15438294410705566,overexposed,natural,low
133,0.39708617071532815,19.256270978495287,0.18627890944480896,day,warm_artificial,high
134,0.5959784446937656,11.640218602255697,0.24844451248645782,twilight,natural,medium
135,0.6753495169361164,16.923737765436584,0.16201835870742798,twilight,warm_artificial,high
136,0.8584189342847163,22.62400017904689,0.0643405169248581,overexposed,warm_artificial,medium
137,0.603113092084175,23.475954772640964,0.0975048840045929,twilight,warm_artificial,medium
138,0.7144311117600052,18.490777250143516,0.21193794906139374,twilight,warm_artificial,high
139,0.6420840556884867,15.797305578763721,0.14280645549297333,twilight,warm_artificial,medium
140,0.5565364800059663,22.15247577521502,0.16576837003231049,twilight,warm_artificial,high
141,0.6685413673163593,21.245514399597848,0.10891100764274597,overexposed,natural,low
142,0.4930753721737023,14.059098887062834,0.282325804233551,twilight,warm_artificial,high
143,0.8555591785183112,21.068250944869593,0.14550867676734924,overexposed,warm_artificial,low
144,0.5781898276001892,17.938094877428753,0.2164275348186493,night,warm_artificial,high
145,0.653419594123375,23.00554622163247,0.10352525115013123,twilight,warm_artificial,medium
146,0.7183315677132165,19.770436153969023,0.07232846319675446,twilight,warm_artificial,medium
147,0.7781444247504982,20.226707400537293,0.100002720952034,twilight,warm_artificial,high
148,0.37366335967061554,14.844545246636153,0.28504329919815063,night,natural,medium
149,0.7531312467398431,23.31408058299335,0.08221689611673355,overexposed,cool_artificial,medium
150,0.7812169283581202,24.099372728980484,0.0679643526673317,twilight,warm_artificial,high
151,0.5561831211799008,13.119552167320075,0.28402650356292725,twilight,warm_artificial,high
152,0.3739212294587763,18.849452777960465,0.17173215746879578,day,warm_artificial,medium
153,0.6945000815071626,19.076483046599794,0.10227789729833603,day,warm_artificial,medium
154,0.7982861431403037,15.112462199928679,0.20127414166927338,overexposed,warm_artificial,medium
155,0.5270422481893745,19.017664973437526,0.062409088015556335,day,natural,medium
156,0.6884561408556942,21.59146925076233,0.05119378864765167,twilight,cool_artificial,medium
157,0.6573199484505516,12.13398073366487,0.15223027765750885,overexposed,cool_artificial,medium
158,0.40392636232626805,18.100728645184446,0.12252125889062881,twilight,natural,low
159,0.6215281144115739,16.705910600912574,0.12821388244628906,twilight,cool_artificial,medium
160,0.606726202303337,15.720804401470474,0.18124841153621674,twilight,natural,medium
161,0.5259476630808119,12.365781946001968,0.1752995252609253,night,natural,medium
162,0.6740400445135374,16.99130869036878,0.09798367321491241,twilight,warm_artificial,high
163,0.6277076399813394,17.4776686746567,0.14916753768920898,day,cool_artificial,medium
164,0.7915012463204039,15.39345265009935,0.19773514568805695,overexposed,cool_artificial,low
165,0.44005018289456305,13.581235865574289,0.25978872179985046,night,warm_artificial,high
166,0.6534797214080956,18.702399660032757,0.10711494833230972,day,warm_artificial,medium
167,0.4213982813310184,18.187994070503404,0.09086467325687408,twilight,natural,medium
168,0.45697884047132153,11.982985967867556,0.21000421047210693,overexposed,cool_artificial,low
169,0.693710940488148,20.159086885740347,0.07605044543743134,overexposed,cool_artificial,medium
170,0.5331086582520349,19.590886307478417,0.10789446532726288,day,cool_artificial,medium
171,0.4871095132119498,17.81175614047469,0.15069474279880524,day,natural,medium
172,0.6816252513779993,19.166472524407098,0.13782241940498352,overexposed,natural,low
173,0.5178821147702046,16.30323317219938,0.09952700138092041,overexposed,cool_artificial,medium
174,0.7875775002083145,21.446475127498253,0.06106415390968323,day,warm_artificial,medium
175,0.5611258928518786,17.31683588353428,0.18252724409103394,twilight,cool_artificial,medium
176,0.8213282882423117,20.91615448607671,0.046619974076747894,day,natural,medium
177,0.4031124155748202,16.575586360007556,0.1352604478597641,day,natural,low
178,0.7277415096964353,23.19882042096582,0.08005038648843765,twilight,warm_artificial,medium
179,0.5853989340952019,19.844857803357755,0.11684013903141022,twilight,warm_artificial,high
180,0.628931905238134,17.534135503027507,0.07183727622032166,day,natural,low
181,0.7844593232007554,26.447850622727216,0.06039167940616608,twilight,warm_artificial,high
182,0.6029099621769461,24.22656069688061,0.07020725309848785,day,natural,low
183,0.6791574732223832,15.272482153009987,0.12203057110309601,day,warm_artificial,medium
184,0.8654748242388709,28.025732785159057,0.048617832362651825,day,warm_artificial,medium
185,0.48505028343901874,22.45816925061577,0.09525789320468903,overexposed,natural,low
186,0.4233856808989566,19.60188737745726,0.0990964025259018,twilight,warm_artificial,high
187,0.7115859919276358,18.543522855985376,0.12905897200107574,day,warm_artificial,high
188,0.82336799000279,24.494097859695245,0.05646999180316925,night,cool_artificial,high
189,0.6890754245227385,19.544195814315223,0.24182817339897156,day,natural,medium
190,0.8713284350867712,25.755137625012935,0.0720566064119339,day,cool_artificial,medium
191,0.6848452223567357,22.58393350538258,0.06264250725507736,day,natural,medium
192,0.5465574529453209,13.063117444341255,0.16615401208400726,overexposed,natural,low
193,0.40510578139459924,13.364855640191024,0.22657500207424164,twilight,natural,medium
194,0.6516067537372376,19.2649696852667,0.20747438073158264,day,warm_artificial,high
195,0.6775653444618334,19.79611790991122,0.15333148837089539,day,warm_artificial,high
196,0.6400086867190854,19.263399413784764,0.13460755348205566,day,cool_artificial,medium
197,0.733385431235302,21.300011395787237,0.10409285128116608,night,warm_artificial,high
198,0.8608333659092509,26.47947007562733,0.03771347925066948,day,cool_artificial,medium
199,0.6882396018430099,13.975894412768461,0.1747191846370697,overexposed,cool_artificial,low
200,0.4642920516404181,17.575233101697933,0.12691925466060638,overexposed,warm_artificial,low
201,0.4735300694072772,17.767706085183313,0.09163644909858704,day,natural,low
202,0.7211120959227287,25.191704447186556,0.057280316948890686,day,cool_artificial,medium
203,0.9265267392486699,22.47658951547765,0.06836730241775513,twilight,warm_artificial,medium
204,0.7598717953412216,17.860338922114664,0.12128634005784988,day,warm_artificial,medium
205,0.7250473271599261,20.19108731208725,0.10884951800107956,twilight,natural,high
206,0.398980253127416,12.322990341368918,0.5144486427307129,night,cool_artificial,high
207,0.4072445383178111,13.604125172889518,0.24598471820354462,twilight,warm_artificial,medium
208,0.7904773626047801,25.513599176161115,0.05405591428279877,twilight,warm_artificial,high
209,0.6686801877367872,24.009167797037026,0.097071573138237,twilight,warm_artificial,medium
210,0.8224511816785044,28.693516464360265,0.052546802908182144,twilight,warm_artificial,medium
211,0.5308149422650902,23.538008503331326,0.08587005734443665,day,warm_artificial,low
212,0.4427369560536482,14.123608390567181,0.11551643908023834,overexposed,warm_artificial,medium
213,0.6767223087925887,21.23904403804992,0.08202455192804337,twilight,natural,medium
214,0.837053480895996,21.5651603224702,0.1303006410598755,day,natural,low
215,0.32808450163325653,20.027418670556685,0.2895994782447815,night,warm_artificial,high
216,0.558938008245298,20.235135991111957,0.08103478699922562,twilight,natural,medium
217,0.8183211200152841,24.352386521400035,0.05044366791844368,day,warm_artificial,medium
218,0.4970198538769343,16.743809920974286,0.11545079946517944,twilight,cool_artificial,high
219,0.5381308446919184,18.811536386799126,0.1394372135400772,twilight,natural,medium
220,0.7320614367745941,15.247380861594142,0.1044478788971901,twilight,natural,low
221,0.4795861540741921,16.34964966682199,0.19791017472743988,overexposed,natural,medium
222,0.7294053484988995,19.80458548852875,0.0932198017835617,twilight,warm_artificial,medium
223,0.7782197720834757,20.268033872174076,0.06207931041717529,overexposed,warm_artificial,low
224,0.7269520845881998,23.56240674744327,0.08091016113758087,day,warm_artificial,medium
225,0.7720298220460428,13.772064325449731,0.11983808875083923,overexposed,natural,low
226,0.6497198335252211,22.786592981190445,0.07721709460020065,day,warm_artificial,high
227,0.7530553117362232,22.375901512082326,0.06008724123239517,day,cool_artificial,low
228,0.7980652581550937,20.176964923016456,0.10006347298622131,overexposed,warm_artificial,medium
229,0.5663963008825217,20.54484856945965,0.09605952352285385,day,warm_artificial,medium
230,0.44370070864496186,19.295070091099397,0.1334943324327469,night,warm_artificial,high
231,0.2610571527645936,15.792205991004158,0.4002419710159302,twilight,cool_artificial,high
232,0.7582325692821463,23.351607835248096,0.09171664714813232,twilight,warm_artificial,medium
233,0.5677151686834317,15.23745232302619,0.14969909191131592,twilight,warm_artificial,medium
234,0.7135043039479028,21.139399727583665,0.12582531571388245,night,warm_artificial,high
235,0.8112434487616613,15.763581000400894,0.15910685062408447,twilight,natural,low
236,0.624290733455844,20.116197195195248,0.09298411756753922,day,cool_artificial,medium
237,0.8151898320683378,26.488788624810617,0.05432474613189697,twilight,warm_artificial,medium
238,0.6379572107775772,12.83256066561128,0.11708091199398041,overexposed,cool_artificial,medium
239,0.7932414617097109,19.775220272222285,0.06183287873864174,overexposed,cool_artificial,low
240,0.611489981720216,12.050764546779106,0.20253151655197144,overexposed,warm_artificial,low
241,0.8100609052306424,25.55439830790104,0.07458319514989853,overexposed,natural,low
242,0.6435148206295943,17.901578405623642,0.14184604585170746,night,warm_artificial,high
243,0.47003277520905645,18.80837286105043,0.1729038655757904,night,warm_artificial,medium
244,0.8047891596956144,22.41750089765275,0.06040694937109947,day,cool_artificial,medium
245,0.7537991797805734,16.910135688475375,0.15806569159030914,twilight,warm_artificial,high
246,0.7739721959774215,22.7997677681661,0.06183503568172455,twilight,cool_artificial,medium
247,0.5596767378206264,21.24551196721153,0.0852760374546051,overexposed,warm_artificial,low
248,0.5943556462865108,18.049534287672863,0.17320750653743744,twilight,warm_artificial,high
249,0.8397501692823169,26.531275315595405,0.06785043329000473,overexposed,natural,low
250,0.8026272539848485,24.813244717259145,0.0564325787127018,day,cool_artificial,medium
251,0.8144419769732112,22.924895497267094,0.08128858357667923,day,cool_artificial,high
252,0.7685710020818112,20.050657459280554,0.07151038944721222,day,cool_artificial,medium
253,0.8093648821964856,24.174153259748703,0.05268924683332443,twilight,natural,medium
254,0.4203091782123622,16.07467901540494,0.23710483312606812,twilight,natural,medium
255,0.48710131121955663,18.935063634986527,0.256856232881546,night,natural,medium
256,0.7292716274529024,16.285097471370623,0.08509135246276855,overexposed,cool_artificial,medium
257,0.747065173663685,17.056274878540286,0.11864526569843292,overexposed,cool_artificial,medium
258,0.757598303191137,18.88674894522726,0.10527519136667252,day,cool_artificial,high
259,0.5588234855412421,16.610495618214493,0.19857388734817505,night,natural,medium
260,0.6937595291674961,16.192589550642293,0.10111106932163239,day,cool_artificial,medium
261,0.8028352726355297,24.497842086758318,0.11847119778394699,day,cool_artificial,medium
262,0.8439337128791385,25.981451950415618,0.05680543929338455,day,warm_artificial,medium
263,0.6268809651872921,20.54189925310892,0.105197012424469,day,warm_artificial,medium
264,0.493558056793262,18.78632145274583,0.08613427728414536,night,warm_artificial,high
265,0.882220978655281,29.09828413141303,0.04118533432483673,twilight,warm_artificial,medium
266,0.6860829255419919,17.282945672706948,0.13569027185440063,overexposed,cool_artificial,low
267,0.7854460012129296,18.245478859473685,0.11652235686779022,twilight,warm_artificial,medium
268,0.5732730448998472,23.57273598692071,0.12662765383720398,twilight,warm_artificial,high
269,0.587778705098928,20.204029424298074,0.10693174600601196,day,cool_artificial,medium
270,0.5736579295605707,19.84116932679147,0.09380599111318588,overexposed,cool_artificial,medium
271,0.5090167595797453,23.64844935121861,0.11461588740348816,night,warm_artificial,high
272,0.7572697031336312,25.617183854718917,0.07856389135122299,twilight,warm_artificial,high
273,0.7223419062078106,18.40855399546027,0.12256479263305664,day,warm_artificial,high
274,0.7518303383449602,22.6635242789471,0.1015654131770134,overexposed,cool_artificial,medium
275,0.5744500106091636,20.10680904455334,0.0894961878657341,twilight,cool_artificial,medium
276,0.7419783981918124,21.70792109479938,0.06222396343946457,day,warm_artificial,medium
277,0.7585760968194587,21.290376161246055,0.09758183360099792,night,warm_artificial,high
278,0.7004996968900706,19.811939849128926,0.13429905474185944,overexposed,warm_artificial,low
279,0.6484815158065554,20.043366544275628,0.09270483255386353,day,cool_artificial,medium
280,0.6558062591819969,22.961460689694896,0.15840905904769897,twilight,cool_artificial,medium
281,0.6615256876260366,9.454784622987482,0.2609735131263733,overexposed,natural,low
282,0.6943121243941858,23.88699214021124,0.08003655076026917,twilight,warm_artificial,medium
283,0.39151569167878075,18.914720629604208,0.2348906546831131,night,warm_artificial,high
284,0.7738138995178409,18.270147447227405,0.10506752878427505,twilight,natural,medium
285,0.42396286195194816,16.51185144491417,0.1975453495979309,overexposed,warm_artificial,low
286,0.5225857394534428,19.006281324334175,0.2534158527851105,day,warm_artificial,medium
287,0.8492007210751232,21.333133990506113,0.05528886988759041,day,cool_artificial,medium
288,0.8400341396322641,26.33693012431847,0.05895667523145676,day,warm_artificial,high
289,0.4385580541500477,17.402633751236557,0.14609196782112122,day,warm_artificial,high
290,0.8293333011220017,17.61666541994055,0.14756281673908234,day,warm_artificial,high
291,0.622025150314858,16.54384935662874,0.2108384519815445,twilight,warm_artificial,high
292,0.7648573089619938,22.45076913162766,0.06268151104450226,overexposed,cool_artificial,medium
293,0.8325003746449263,24.27995634201381,0.0935368537902832,day,cool_artificial,medium
294,0.7018764513843192,22.176799552006415,0.10895165055990219,day,warm_artificial,high
295,0.13736803630458702,13.258625641367745,0.28384289145469666,twilight,cool_artificial,high
296,0.7120114565934016,19.408387693072715,0.10269224643707275,day,cool_artificial,medium
297,0.5140357062289646,18.763942296878874,0.17310169339179993,twilight,warm_artificial,high
298,0.5443419553067536,17.09673064327529,0.20737628638744354,twilight,warm_artificial,high
299,0.5159587033777079,17.5262386243221,0.17522074282169342,twilight,cool_artificial,medium
300,0.7685324518966034,16.101761201735293,0.1560593694448471,twilight,warm_artificial,high
301,0.5147999377552912,11.550942520448729,0.22012051939964294,overexposed,cool_artificial,low
302,0.38635516254808344,16.166104097397074,0.13899321854114532,overexposed,natural,low
303,0.6005819461926916,15.08753228667395,0.3796199560165405,twilight,warm_artificial,high
304,0.833351773847573,21.273618360703168,0.05323861166834831,twilight,warm_artificial,medium
305,0.5881798765112577,23.014190802127775,0.10786528885364532,twilight,natural,low
306,0.31424105085974624,17.166000468777376,0.1644260287284851,day,warm_artificial,high
307,0.5721738891593272,21.14771123158907,0.08838360011577606,twilight,cool_artificial,medium
308,0.6743854391000031,21.811605664992083,0.08581812679767609,twilight,natural,low
309,0.7815486038541409,21.444659848759756,0.09909065812826157,twilight,warm_artificial,high
310,0.6116381843671035,20.159148931520974,0.11327540874481201,twilight,cool_artificial,medium
311,0.7793840611255313,22.810469149117047,0.14589084684848785,overexposed,natural,low
312,0.6711076014510665,20.131657589300058,0.20893993973731995,twilight,warm_artificial,high
313,0.6034103664059659,19.848825661543977,0.20264853537082672,night,natural,medium
314,0.7448883865942428,21.897873962167992,0.06509199738502502,twilight,natural,medium
315,0.7451070577359102,14.999946157186464,0.2019025683403015,overexposed,cool_artificial,low
316,0.7634688654063274,12.579747291568712,0.18642744421958923,overexposed,natural,low
317,0.6994443106666534,18.67541031683676,0.1206226646900177,twilight,natural,medium
318,0.6472512075970133,18.187060470697435,0.14410851895809174,twilight,cool_artificial,medium
319,0.73605132536971,21.866424117857044,0.06348326802253723,day,warm_artificial,medium
320,0.5659417390119356,15.323459444189423,0.17326894402503967,twilight,warm_artificial,high
321,0.6393783199338902,19.491699862330684,0.07814711332321167,day,cool_artificial,medium
322,0.6226738292548661,19.962402174305673,0.07146847993135452,day,natural,medium
323,0.7602752062647263,20.17259997727422,0.07198239862918854,day,warm_artificial,high
324,0.611085286040666,21.75872078115983,0.07722605019807816,day,natural,low
325,0.4910743553350014,17.85265796530113,0.3393612205982208,night,natural,medium
326,0.8008211261621728,21.918915139696526,0.09661983698606491,twilight,warm_artificial,medium
327,0.5961398788217062,16.853266134149735,0.13733907043933868,overexposed,natural,low
328,0.6380432835472986,13.738724430531224,0.18361955881118774,overexposed,natural,low
329,0.7984692360192941,21.70421731622353,0.11379635334014893,day,warm_artificial,medium
330,0.8324234866181559,27.13019698869065,0.05812077224254608,twilight,cool_artificial,medium
331,0.7321801391647952,13.027205600000812,0.15263378620147705,overexposed,cool_artificial,medium
332,0.851435087921835,23.579124053004588,0.04357896372675896,overexposed,warm_artificial,low
333,0.6474711490855904,17.109180648374597,0.13961246609687805,twilight,warm_artificial,medium
334,0.4931377445441804,15.031524992548619,0.21032342314720154,day,warm_artificial,low
335,0.5613153697786725,15.870041429271586,0.1408338099718094,twilight,natural,medium
336,0.7641257541623322,16.40665315580874,0.07911989092826843,overexposed,warm_artificial,medium
337,0.5516369586811919,21.475631378771993,0.10774098336696625,day,warm_artificial,medium
338,0.752732197133558,22.5116498904961,0.06944356858730316,twilight,warm_artificial,high
339,0.4699267046542573,21.73628393928776,0.09451532363891602,twilight,natural,medium
340,0.5229767975164313,18.964545409103543,0.10987897217273712,night,natural,medium
341,0.48037693200558157,17.25802560588688,0.11998175829648972,day,warm_artificial,low
342,0.5600052678724957,21.940613160483046,0.08897595852613449,day,warm_artificial,medium
343,0.7385922416837372,17.86873667831849,0.10365172475576401,overexposed,cool_artificial,medium
344,0.7829777614795256,22.345306613712314,0.06703407317399979,day,cool_artificial,medium
345,0.7140480100964769,21.23885833745803,0.07743940502405167,day,warm_artificial,medium
346,0.6826599910992274,18.153057278981123,0.08880764991044998,overexposed,natural,low
347,0.6547914527368862,14.407563947962409,0.19968390464782715,night,warm_artificial,high
348,0.6624370788761181,15.714619077277579,0.21694907546043396,day,warm_artificial,high
349,0.7644467259547753,21.817866292938014,0.06831769645214081,twilight,natural,medium
350,0.7259322140325782,22.665844405508846,0.07738551497459412,twilight,warm_artificial,high
351,0.7906435545782008,28.232257463611624,0.07141746580600739,day,warm_artificial,medium
352,0.7125691209347789,20.153893204373873,0.08667627722024918,day,warm_artificial,medium
353,0.6610664705627086,19.003024078720202,0.16965501010417938,overexposed,warm_artificial,high
354,0.46457283975603075,16.313143571024437,0.161750927567482,day,warm_artificial,low
355,0.41840297206758176,18.172395986911695,0.10418304800987244,day,cool_artificial,medium
356,0.3419529995483514,17.00838335525556,0.14791014790534973,overexposed,warm_artificial,medium
357,0.7234187996924848,21.335555776385217,0.19389615952968597,twilight,warm_artificial,high
358,0.7833517152661965,28.195180374953168,0.06856577098369598,night,warm_artificial,medium
359,0.592840222111724,13.882772448909428,0.21163800358772278,overexposed,warm_artificial,low
360,0.7335569917882871,20.694247082640015,0.10064082592725754,twilight,warm_artificial,high
361,0.6900222704746103,20.759251715591496,0.11418405175209045,day,warm_artificial,medium
362,0.7243524744877994,22.2056805113681,0.08326143026351929,day,warm_artificial,high
363,0.3411505028030499,17.80667221119097,0.1667490452528,twilight,warm_artificial,medium
364,0.6002385283735813,15.66045739668638,0.1313851773738861,twilight,warm_artificial,medium
365,0.8300431943867879,22.703048229661565,0.0751384049654007,twilight,warm_artificial,medium
366,0.6205768137474558,22.879273558232917,0.0754765048623085,day,cool_artificial,medium
367,0.8020933992561684,22.663301728907143,0.1678110510110855,day,warm_artificial,medium
368,0.7924266967096232,22.8338936924928,0.06218209117650986,day,warm_artificial,medium
369,0.7624602425954752,24.766898271968113,0.10427235811948776,night,warm_artificial,high
370,0.7970936793211313,19.980781648755116,0.08144443482160568,night,warm_artificial,medium
371,0.6978027826476926,20.609215105838167,0.07647109031677246,twilight,warm_artificial,medium
372,0.8109603023644784,22.690033988191452,0.06826944649219513,overexposed,warm_artificial,medium
373,0.5565430899386705,14.63424115404701,0.17008650302886963,twilight,natural,medium
374,0.465731996451564,14.676330587787112,0.194413959980011,night,natural,medium
375,0.540519681076121,22.733172998944905,0.08000089973211288,twilight,warm_artificial,high
376,0.5830468496414605,17.09942508584161,0.10455527901649475,twilight,natural,medium
377,0.7220710337739678,23.56334016672041,0.09316319227218628,day,cool_artificial,low
378,0.8891923033782637,23.310975243537694,0.16468501091003418,day,warm_artificial,high
379,0.7461200753242513,22.057218679735865,0.09868462383747101,day,warm_artificial,medium
380,0.663336929189967,16.545746540129535,0.17693254351615906,night,warm_artificial,high
381,0.41926966731145915,19.061508310393684,0.1654702126979828,night,warm_artificial,high
382,0.5135939756585248,21.514822814776196,0.12368091195821762,night,warm_artificial,high
383,0.7766310625381142,20.54178113430273,0.09302687644958496,day,cool_artificial,medium
384,0.5629127338050938,18.243110707895053,0.08882441371679306,day,cool_artificial,high
385,0.7734575553395789,18.444461823513723,0.12699072062969208,overexposed,cool_artificial,medium
386,0.7192436819624097,17.96711099765639,0.13631197810173035,twilight,warm_artificial,high
387,0.7444048086499269,22.97307271138486,0.08799669146537781,overexposed,warm_artificial,medium
388,0.5488773578205411,17.582522756145764,0.13353580236434937,overexposed,natural,medium
389,0.47604201444916083,15.008558730610101,0.17737241089344025,twilight,natural,high
390,0.5159307946146541,17.894295756832804,0.12940241396427155,twilight,natural,low
391,0.525287847950182,21.1089801822445,0.09887199103832245,day,warm_artificial,medium
392,0.6093189985754225,19.003947205826336,0.1025448739528656,twilight,natural,low
393,0.558205101313565,22.303731961269598,0.10314474254846573,night,warm_artificial,high
394,0.49966783651074115,20.93465323597906,0.12331430613994598,day,natural,low
395,0.34687247924637415,16.50670425784583,0.1718919575214386,day,warm_artificial,medium
396,0.6665057607074781,19.127888816584225,0.07618772238492966,twilight,warm_artificial,low
397,0.7898711626312193,21.320225223035067,0.08299939334392548,overexposed,cool_artificial,medium
398,0.7938973928366485,20.097088681621248,0.15646827220916748,day,warm_artificial,high
399,0.7021588869069025,22.0315476062895,0.10602136701345444,twilight,warm_artificial,high
400,0.45911018769719614,19.160920832167264,0.12818893790245056,twilight,warm_artificial,medium
401,0.6653489434629402,17.84267514585605,0.13511793315410614,night,warm_artificial,medium
402,0.586451511755985,21.80196267720428,0.0995529517531395,day,warm_artificial,low
403,0.7406767486342877,18.599738964290598,0.15752960741519928,overexposed,natural,low
404,0.5238891587751898,14.403433181659505,0.13944493234157562,overexposed,warm_artificial,medium
405,0.822796741476131,21.58664569221085,0.07589026540517807,overexposed,warm_artificial,low
406,0.5329034877590016,18.82073097843481,0.14579303562641144,day,warm_artificial,high
407,0.5982001160409252,20.390207770570683,0.07624339312314987,twilight,warm_artificial,medium
408,0.7806847027670508,26.41280267384518,0.0974913090467453,day,warm_artificial,medium
409,0.5065214954953946,15.839731675698818,0.14645187556743622,twilight,warm_artificial,medium
410,0.6740618849605241,14.769049487957062,0.1322261244058609,twilight,warm_artificial,medium
411,0.7826759985435113,17.949359622516646,0.16659027338027954,twilight,warm_artificial,low
412,0.7366724464000772,19.171711043976412,0.09220188856124878,overexposed,natural,low
413,0.850969029350091,26.907023269580943,0.03847122937440872,twilight,warm_artificial,medium
414,0.7056981157909971,18.94189273220659,0.1994178593158722,night,natural,medium
415,0.5778173299075761,20.67061728249734,0.09664075076580048,twilight,warm_artificial,medium
416,0.7524749795397261,20.051536813696416,0.09387841820716858,twilight,warm_artificial,medium
417,0.8033219445574056,17.090552496505943,0.0781332328915596,overexposed,cool_artificial,low
418,0.6879589467417037,14.793286356793171,0.08912402391433716,twilight,warm_artificial,medium
419,0.7917594537785947,17.453363330483064,0.09307145327329636,overexposed,warm_artificial,low
420,0.8013336600915943,17.582390910619562,0.12098672986030579,twilight,warm_artificial,high
421,0.7705183802651465,25.31654495082006,0.07259887456893921,twilight,warm_artificial,medium
422,0.5717272406279391,20.62866786379869,0.11016015708446503,twilight,natural,medium
423,0.7321730446964727,25.022173095779856,0.08355431258678436,overexposed,cool_artificial,low
424,0.867939946603267,26.389803880223504,0.048497188836336136,day,natural,medium
425,0.8052854705451451,20.607190459346874,0.09086079150438309,day,warm_artificial,medium
426,0.7282713036199148,24.25651520044894,0.051915161311626434,day,warm_artificial,medium
427,0.469890681250619,16.348076385869188,0.16911627352237701,night,natural,medium
428,0.8118215858141277,25.360070186939375,0.11130180209875107,overexposed,warm_artificial,medium
429,0.7891273320198772,25.755109663337446,0.06306794285774231,day,warm_artificial,medium
430,0.5528760541789387,18.5654135199512,0.191227987408638,overexposed,warm_artificial,medium
431,0.7184307345247948,20.109609071148114,0.15627315640449524,overexposed,warm_artificial,low
432,0.6919055016979666,17.400333555036788,0.15316961705684662,overexposed,warm_artificial,medium
433,0.6542518397554832,15.333513741079708,0.1591869592666626,day,cool_artificial,medium
434,0.6270358952454381,22.554927742886566,0.14860044419765472,twilight,warm_artificial,high
435,0.6636913153255856,20.70665062437961,0.08820520341396332,twilight,cool_artificial,medium
436,0.7140460631241704,26.90316928440593,0.07372867316007614,twilight,natural,low
437,0.8139570463822126,25.57799977297796,0.06382106989622116,day,natural,medium
438,0.792391574258286,24.237538449736974,0.09348491579294205,day,warm_artificial,high
439,0.7903588832538736,21.71067750235071,0.05710728093981743,overexposed,warm_artificial,medium
440,0.5981605828065215,20.712261233697472,0.2022307962179184,night,warm_artificial,high
441,0.4793287158285076,17.11950376075023,0.14242511987686157,twilight,warm_artificial,high
442,0.8734160677855493,18.427359354047876,0.08509544283151627,day,warm_artificial,high
443,0.6839036278653121,16.807221344057368,0.11460338532924652,overexposed,warm_artificial,low
444,0.7773635349837283,21.84774700093222,0.09967083483934402,twilight,warm_artificial,medium
445,0.748836862263996,23.469891173733238,0.06246589124202728,day,cool_artificial,medium
446,0.5684451077426619,15.44104532562451,0.14148201048374176,twilight,natural,medium
447,0.8387402267008124,23.521443181929897,0.057493001222610474,day,natural,medium
448,0.17422435328714525,7.65643357839127,0.7546135783195496,overexposed,warm_artificial,high
449,0.8018597160618381,24.72026903987899,0.05275457724928856,day,warm_artificial,medium
450,0.8584381926590776,29.5845624838542,0.04709063470363617,day,warm_artificial,medium
451,0.8236067909347161,24.440213567930805,0.05259318649768829,twilight,warm_artificial,high
452,0.8792129570851103,21.495815953717408,0.10133440792560577,day,warm_artificial,medium
453,0.8048324520106376,25.69145656253785,0.07379236817359924,night,warm_artificial,medium
454,0.7227261042490057,19.291106027563707,0.08314943313598633,twilight,warm_artificial,medium
455,0.4359795588032902,17.82658236708525,0.08470483869314194,day,cool_artificial,high
456,0.5965905159400527,20.704371556603025,0.07619515061378479,day,warm_artificial,medium
457,0.6662210295386762,15.279826718322699,0.1552646905183792,twilight,warm_artificial,medium
458,0.7039260942044056,24.755528792824716,0.1077788695693016,day,natural,low
459,0.7604747466752627,22.734144921581148,0.12503540515899658,overexposed,warm_artificial,medium
460,0.5206912269490082,17.147183904045505,0.14210735261440277,night,warm_artificial,medium
461,0.7241549518049074,21.796078136390054,0.0542617067694664,day,natural,medium
462,0.684415469768472,21.643694421274184,0.1486554741859436,overexposed,warm_artificial,medium
463,0.7773446078644263,19.283148653810002,0.0886208787560463,overexposed,natural,low
464,0.5743015761626468,17.66141597714433,0.21871739625930786,twilight,natural,medium
465,0.8687396098295769,29.398739867079957,0.049096327275037766,day,warm_artificial,medium
466,0.6281445465099681,23.265970239152594,0.07647153735160828,day,warm_artificial,high
467,0.803921086784248,20.07169377059811,0.06536421179771423,twilight,cool_artificial,high
468,0.6263339165053715,15.370215638419788,0.13246320188045502,twilight,warm_artificial,medium
469,0.574309356712969,19.149444604359786,0.10178850591182709,overexposed,cool_artificial,medium
470,0.7259218264985786,20.19637584963911,0.16305756568908691,twilight,warm_artificial,high
471,0.5671898278878181,21.681657262003,0.0837319940328598,twilight,warm_artificial,high
472,0.2610216264478514,16.404439870168794,0.1536293625831604,overexposed,warm_artificial,medium
473,0.6387796604663104,20.818630657779792,0.13824917376041412,night,warm_artificial,high
474,0.7688935853418878,22.178081360910888,0.11422715336084366,twilight,cool_artificial,medium
475,0.811351535111465,17.590177808904613,0.14998796582221985,day,cool_artificial,high
476,0.5529712549532485,13.956368734828564,0.25345706939697266,night,warm_artificial,high
477,0.8644498404061481,20.962727994952225,0.11376998573541641,day,warm_artificial,medium
478,0.7200273374515157,17.835586234995848,0.11751677095890045,twilight,warm_artificial,high
479,0.678961022020348,20.88679602232738,0.07534470409154892,day,warm_artificial,medium
480,0.7796408552522425,20.725477029181427,0.03852145001292229,twilight,cool_artificial,medium
481,0.44886363894519676,18.218748186222054,0.1446245163679123,day,cool_artificial,medium
482,0.6742161601418687,21.182601897349297,0.09372331202030182,day,warm_artificial,medium
483,0.5621657773855461,23.25396440384198,0.09905842691659927,day,warm_artificial,medium
484,0.4360940586840972,11.955439720977143,0.19995400309562683,overexposed,natural,low
485,0.6668835979757909,23.568820480959968,0.0724494606256485,overexposed,cool_artificial,high
486,0.8425229686699259,28.00166789822638,0.04392607510089874,twilight,warm_artificial,medium
487,0.6844138980682791,19.22774772177499,0.08133237063884735,night,warm_artificial,high
488,0.8017997836007581,20.308926151794836,0.08193846046924591,day,warm_artificial,high
489,0.6433176804839876,18.341772946265216,0.10652583837509155,overexposed,warm_artificial,low
490,0.6021182851923563,14.174974158990583,0.1306213140487671,night,warm_artificial,medium
491,0.748188206320125,18.07547356216077,0.1218462735414505,day,warm_artificial,high
492,0.5738286288283555,21.359361157123537,0.09096315503120422,overexposed,warm_artificial,medium
493,0.75613906065855,23.4009111714734,0.05204485356807709,twilight,cool_artificial,medium
494,0.8012873981300207,12.620024117832788,0.13692548871040344,overexposed,warm_artificial,medium
495,0.6127400462236645,15.227467432731718,0.2371232509613037,twilight,warm_artificial,high
496,0.7610547225074566,24.54856549437105,0.06416339427232742,overexposed,warm_artificial,low
497,0.6255419621143848,20.605883927063758,0.11313554644584656,day,cool_artificial,medium
498,0.4385675085623209,20.533250280771384,0.11430338770151138,night,natural,high
499,0.5195721222486438,17.410654909449864,0.1480410099029541,day,natural,high
